SOLAR,8031,HEBREW,SELEUCID ERA,NABATAEAN,EGYPTIAN CIVIL,JULIAN AUC,HISTORICAL
1st,Wed,3791 Teveth / 20,342 Audynaios / 20,Kislev 20,Peret Tybi 19,784 Ianuarius / 3,31 Jan \ 3
,,|-----Daniel's Weeks Prophecy Week 69 Day 5-264,,,,,
2nd,Thu,3791 Teveth / 21,342 Audynaios / 21,Kislev 21,Peret Tybi 20,784 Ianuarius / 4,31 Jan \ 4
,,|-----Daniel's Weeks Prophecy Week 69 Day 5-265,,,,,
3rd,Fri,3791 Teveth / 22,342 Audynaios / 22,Kislev 22,Peret Tybi 21,784 Ianuarius / 5,31 Jan \ 5
,,|-----Daniel's Weeks Prophecy Week 69 Day 5-266,,,,,
4th,Sat,3791 Teveth / 23,342 Audynaios / 23,Kislev 23,Peret Tybi 22,784 Ianuarius / 6,31 Jan \ 6
,,|-----Daniel's Weeks Prophecy Week 69 Day 5-267,,,,,
5th,Sun,3791 Teveth / 24,342 Audynaios / 24,Kislev 24,Peret Tybi 23,784 Ianuarius / 7,31 Jan \ 7
,,|-----Daniel's Weeks Prophecy Week 69 Day 5-268,,,,,
6th,Mon,3791 Teveth / 25,342 Audynaios / 25,Kislev 25,Peret Tybi 24,784 Ianuarius / 8,31 Jan \ 8
,,|-----Daniel's Weeks Prophecy Week 69 Day 5-269,,,,,
7th,Tue,3791 Teveth / 26,342 Audynaios / 26,Kislev 26,Peret Tybi 25,784 Ianuarius / 9,31 Jan \ 9
,,|-----Daniel's Weeks Prophecy Week 69 Day 5-270,,,,,
8th,Wed,3791 Teveth / 27,342 Audynaios / 27,Kislev 27,Peret Tybi 26,784 Ianuarius / 10,31 Jan \ 10
,,|-----Daniel's Weeks Prophecy Week 69 Day 5-271,,,,,
9th,Thu     New,3791 Teveth / 28,342 Audynaios / 28,Kislev 28,Peret Tybi 27,784 Ianuarius / 11,31 Jan \ 11
,,|-----Daniel's Weeks Prophecy Week 69 Day 5-272,,,,,
10th,Fri,3791 Teveth / 29,342 Audynaios / 29,Kislev 29,Peret Tybi 28,784 Ianuarius / 12,31 Jan \ 12
,,|-----Daniel's Weeks Prophecy Week 69 Day 5-273,,,,,
11th,Sat,3791 Shevat / 1,342 Audynaios / 30,Kislev 30,Peret Tybi 29,784 Ianuarius / 13,31 Jan \ 13
,,|-----Daniel's Weeks Prophecy Week 69 Day 5-274,,,,,
12th,Sun,3791 Shevat / 2,342 Peritios / 1,Teveth / 1,Peret Tybi 30,784 Ianuarius / 14,31 Jan \ 14
,,|-----Daniel's Weeks Prophecy Week 69 Day 5-275,,,,,
13th,Mon,3791 Shevat / 3,342 Peritios / 2,Teveth / 2,Peret Mechir 1,784 Ianuarius / 15,31 Jan \ 15
,,|-----Daniel's Weeks Prophecy Week 69 Day 5-276,,,,,
14th,Tue,3791 Shevat / 4,342 Peritios / 3,Teveth / 3,Peret Mechir 2,784 Ianuarius / 16,31 Jan \ 16
,,|-----Daniel's Weeks Prophecy Week 69 Day 5-277,,,,,
15th,Wed,3791 Shevat / 5,342 Peritios / 4,Teveth / 4,Peret Mechir 3,784 Ianuarius / 17,31 Jan \ 17
,,|-----Daniel's Weeks Prophecy Week 69 Day 5-278,,,,,
16th,Thu,3791 Shevat / 6,342 Peritios / 5,Teveth / 5,Peret Mechir 4,784 Ianuarius / 18,31 Jan \ 18
,,|-----Daniel's Weeks Prophecy Week 69 Day 5-279,,,,,
17th,Fri,3791 Shevat / 7,342 Peritios / 6,Teveth / 6,Peret Mechir 5,784 Ianuarius / 19,31 Jan \ 19
,,|-----Daniel's Weeks Prophecy Week 69 Day 5-280,,,,,
18th,Sat,3791 Shevat / 8,342 Peritios / 7,Teveth / 7,Peret Mechir 6,784 Ianuarius / 20,31 Jan \ 20
,,|-----Daniel's Weeks Prophecy Week 69 Day 5-281,,,,,
19th,Sun,3791 Shevat / 9,342 Peritios / 8,Teveth / 8,Peret Mechir 7,784 Ianuarius / 21,31 Jan \ 21
,,|-----Daniel's Weeks Prophecy Week 69 Day 5-282,,,,,
20th,Mon,3791 Shevat / 10,342 Peritios / 9,Teveth / 9,Peret Mechir 8,784 Ianuarius / 22,31 Jan \ 22
,,|-----Daniel's Weeks Prophecy Week 69 Day 5-283,,,,,
21st,Tue,3791 Shevat / 11,342 Peritios / 10,Teveth / 10,Peret Mechir 9,784 Ianuarius / 23,31 Jan \ 23
,,|-----Daniel's Weeks Prophecy Week 69 Day 5-284,,,,,
22nd,Wed,3791 Shevat / 12,342 Peritios / 11,Teveth / 11,Peret Mechir 10,784 Ianuarius / 24,31 Jan \ 24
,,|-----Daniel's Weeks Prophecy Week 69 Day 5-285,,,,,
23rd,Thu,3791 Shevat / 13,342 Peritios / 12,Teveth / 12,Peret Mechir 11,784 Ianuarius / 25,31 Jan \ 25
,,|-----Daniel's Weeks Prophecy Week 69 Day 5-286,,,,,
24th,Fri,3791 Shevat / 14,342 Peritios / 13,Teveth / 13,Peret Mechir 12,784 Ianuarius / 26,31 Jan \ 26
,,|-----Daniel's Weeks Prophecy Week 69 Day 5-287,,,,,
25th,Sat     Full,3791 Shevat / 15,342 Peritios / 14,Teveth / 14,Peret Mechir 13,784 Ianuarius / 27,31 Jan \ 27
,,|-----Daniel's Weeks Prophecy Week 69 Day 5-288,,,,,
26th,Sun,3791 Shevat / 16,342 Peritios / 15,Teveth / 15,Peret Mechir 14,784 Ianuarius / 28,31 Jan \ 28
,,|-----Daniel's Weeks Prophecy Week 69 Day 5-289,,,,,
27th,Mon,3791 Shevat / 17,342 Peritios / 16,Teveth / 16,Peret Mechir 15,784 Ianuarius / 29,31 Jan \ 29
,,|-----Daniel's Weeks Prophecy Week 69 Day 5-290,,,,,
28th,Tue,3791 Shevat / 18,342 Peritios / 17,Teveth / 17,Peret Mechir 16,784 Ianuarius / 30,31 Jan \ 30
,,|-----Daniel's Weeks Prophecy Week 69 Day 5-291,,,,,
29th,Wed,3791 Shevat / 19,342 Peritios / 18,Teveth / 18,Peret Mechir 17,784 Ianuarius / 31,31 Jan \ 31
,,|-----Daniel's Weeks Prophecy Week 69 Day 5-292,,,,,
30th,Thu,3791 Shevat / 20,342 Peritios / 19,Teveth / 19,Peret Mechir 18,784 Februarius / 1,31 Feb \ 1
,,|-----Daniel's Weeks Prophecy Week 69 Day 5-293,,,,,
31st,Fri,3791 Shevat / 21,342 Peritios / 20,Teveth / 20,Peret Mechir 19,784 Februarius / 2,31 Feb \ 2
,,|-----Daniel's Weeks Prophecy Week 69 Day 5-294,,,,,
32nd,Sat,3791 Shevat / 22,342 Peritios / 21,Teveth / 21,Peret Mechir 20,784 Februarius / 3,31 Feb \ 3
,,|-----Daniel's Weeks Prophecy Week 69 Day 5-295,,,,,
33rd,Sun,3791 Shevat / 23,342 Peritios / 22,Teveth / 22,Peret Mechir 21,784 Februarius / 4,31 Feb \ 4
,,|-----Daniel's Weeks Prophecy Week 69 Day 5-296,,,,,
34th,Mon,3791 Shevat / 24,342 Peritios / 23,Teveth / 23,Peret Mechir 22,784 Februarius / 5,31 Feb \ 5
,,|-----Daniel's Weeks Prophecy Week 69 Day 5-297,,,,,
35th,Tue,3791 Shevat / 25,342 Peritios / 24,Teveth / 24,Peret Mechir 23,784 Februarius / 6,31 Feb \ 6
,,|-----Daniel's Weeks Prophecy Week 69 Day 5-298,,,,,
36th,Wed,3791 Shevat / 26,342 Peritios / 25,Teveth / 25,Peret Mechir 24,784 Februarius / 7,31 Feb \ 7
,,|-----Daniel's Weeks Prophecy Week 69 Day 5-299,,,,,
37th,Thu,3791 Shevat / 27,342 Peritios / 26,Teveth / 26,Peret Mechir 25,784 Februarius / 8,31 Feb \ 8
,,|-----Daniel's Weeks Prophecy Week 69 Day 5-300,,,,,
38th,Fri,3791 Shevat / 28,342 Peritios / 27,Teveth / 27,Peret Mechir 26,784 Februarius / 9,31 Feb \ 9
,,|-----Daniel's Weeks Prophecy Week 69 Day 5-301,,,,,
39th,Sat     New,3791 Shevat / 29,342 Peritios / 28,Teveth / 28,Peret Mechir 27,784 Februarius / 10,31 Feb \ 10
,,|-----Daniel's Weeks Prophecy Week 69 Day 5-302,,,,,
40th,Sun,3791 Shevat / 30,342 Peritios / 29,Teveth / 29,Peret Mechir 28,784 Februarius / 11,31 Feb \ 11
,,|-----Daniel's Weeks Prophecy Week 69 Day 5-303,,,,,
41st,Mon,3791 Adar / 1,342 Dystros / 1,Shevat / 1,Peret Mechir 29,784 Februarius / 12,31 Feb \ 12
,,|-----Daniel's Weeks Prophecy Week 69 Day 5-304,,,,,
42nd,Tue,3791 Adar / 2,342 Dystros / 2,Shevat / 2,Peret Mechir 30,784 Februarius / 13,31 Feb \ 13
,,|-----Daniel's Weeks Prophecy Week 69 Day 5-305,,,,,
43rd,Wed,3791 Adar / 3,342 Dystros / 3,Shevat / 3,Peret Phamenoth 1,784 Februarius / 14,31 Feb \ 14
,,|-----Daniel's Weeks Prophecy Week 69 Day 5-306,,,,,
44th,Thu,3791 Adar / 4,342 Dystros / 4,Shevat / 4,Peret Phamenoth 2,784 Februarius / 15,31 Feb \ 15
,,|-----Daniel's Weeks Prophecy Week 69 Day 5-307,,,,,
45th,Fri,3791 Adar / 5,342 Dystros / 5,Shevat / 5,Peret Phamenoth 3,784 Februarius / 16,31 Feb \ 16
,,|-----Daniel's Weeks Prophecy Week 69 Day 5-308,,,,,
46th,Sat,3791 Adar / 6,342 Dystros / 6,Shevat / 6,Peret Phamenoth 4,784 Februarius / 17,31 Feb \ 17
,,|-----Daniel's Weeks Prophecy Week 69 Day 5-309,,,,,
47th,Sun,3791 Adar / 7,342 Dystros / 7,Shevat / 7,Peret Phamenoth 5,784 Februarius / 18,31 Feb \ 18
,,|-----Daniel's Weeks Prophecy Week 69 Day 5-310,,,,,
48th,Mon,3791 Adar / 8,342 Dystros / 8,Shevat / 8,Peret Phamenoth 6,784 Februarius / 19,31 Feb \ 19
,,|-----Daniel's Weeks Prophecy Week 69 Day 5-311,,,,,
49th,Tue,3791 Adar / 9,342 Dystros / 9,Shevat / 9,Peret Phamenoth 7,784 Februarius / 20,31 Feb \ 20
,,|-----Daniel's Weeks Prophecy Week 69 Day 5-312,,,,,
50th,Wed,3791 Adar / 10,342 Dystros / 10,Shevat / 10,Peret Phamenoth 8,784 Februarius / 21,31 Feb \ 21
,,|-----Daniel's Weeks Prophecy Week 69 Day 5-313,,,,,
51st,Thu,3791 Adar / 11,342 Dystros / 11,Shevat / 11,Peret Phamenoth 9,784 Februarius / 22,31 Feb \ 22
,,|-----Daniel's Weeks Prophecy Week 69 Day 5-314,,,,,
52nd,Fri,3791 Adar / 12,342 Dystros / 12,Shevat / 12,Peret Phamenoth 10,784 Februarius / 23,31 Feb \ 23
,,|-----Daniel's Weeks Prophecy Week 69 Day 5-315,,,,,
53rd,Sat,3791 Adar / 13,342 Dystros / 13,Shevat / 13,Peret Phamenoth 11,784 Februarius / 24,31 Feb \ 24
,,|-----Daniel's Weeks Prophecy Week 69 Day 5-316,,,,,
54th,Sun     Full,3791 Adar / 14,342 Dystros / 14,Shevat / 14,Peret Phamenoth 12,784 Februarius / 25,31 Feb \ 25
,,|-----Daniel's Weeks Prophecy Week 69 Day 5-317,,,,,
55th,Mon,3791 Adar / 15,342 Dystros / 15,Shevat / 15,Peret Phamenoth 13,784 Februarius / 26,31 Feb \ 26
,,|-----Daniel's Weeks Prophecy Week 69 Day 5-318,,,,,
56th,Tue,3791 Adar / 16,342 Dystros / 16,Shevat / 16,Peret Phamenoth 14,784 Februarius / 27,31 Feb \ 27
,,|-----Daniel's Weeks Prophecy Week 69 Day 5-319,,,,,
57th,Wed,3791 Adar / 17,342 Dystros / 17,Shevat / 17,Peret Phamenoth 15,784 Februarius / 28,31 Feb \ 28
,,|-----Daniel's Weeks Prophecy Week 69 Day 5-320,,,,,
58th,Thu,3791 Adar / 18,342 Dystros / 18,Shevat / 18,Peret Phamenoth 16,784 Martius / 1,31 Mar \ 1
,,|-----Daniel's Weeks Prophecy Week 69 Day 5-321,,,,,
59th,Fri,3791 Adar / 19,342 Dystros / 19,Shevat / 19,Peret Phamenoth 17,784 Martius / 2,31 Mar \ 2
,,|-----Daniel's Weeks Prophecy Week 69 Day 5-322,,,,,
60th,Sat,3791 Adar / 20,342 Dystros / 20,Shevat / 20,Peret Phamenoth 18,784 Martius / 3,31 Mar \ 3
,,|-----Daniel's Weeks Prophecy Week 69 Day 5-323,,,,,
61st,Sun,3791 Adar / 21,342 Dystros / 21,Shevat / 21,Peret Phamenoth 19,784 Martius / 4,31 Mar \ 4
,,|-----Daniel's Weeks Prophecy Week 69 Day 5-324,,,,,
62nd,Mon,3791 Adar / 22,342 Dystros / 22,Shevat / 22,Peret Phamenoth 20,784 Martius / 5,31 Mar \ 5
,,|-----Daniel's Weeks Prophecy Week 69 Day 5-325,,,,,
63rd,Tue,3791 Adar / 23,342 Dystros / 23,Shevat / 23,Peret Phamenoth 21,784 Martius / 6,31 Mar \ 6
,,|-----Daniel's Weeks Prophecy Week 69 Day 5-326,,,,,
64th,Wed,3791 Adar / 24,342 Dystros / 24,Shevat / 24,Peret Phamenoth 22,784 Martius / 7,31 Mar \ 7
,,|-----Daniel's Weeks Prophecy Week 69 Day 5-327,,,,,
65th,Thu,3791 Adar / 25,342 Dystros / 25,Shevat / 25,Peret Phamenoth 23,784 Martius / 8,31 Mar \ 8
,,|-----Daniel's Weeks Prophecy Week 69 Day 5-328,,,,,
66th,Fri,3791 Adar / 26,342 Dystros / 26,Shevat / 26,Peret Phamenoth 24,784 Martius / 9,31 Mar \ 9
,,|-----Daniel's Weeks Prophecy Week 69 Day 5-329,,,,,
67th,Sat,3791 Adar / 27,342 Dystros / 27,Shevat / 27,Peret Phamenoth 25,784 Martius / 10,31 Mar \ 10
,,|-----Daniel's Weeks Prophecy Week 69 Day 5-330,,,,,
68th,Sun     New,3791 Adar / 28,342 Dystros / 28,Shevat / 28,Peret Phamenoth 26,784 Martius / 11,31 Mar \ 11
,,|-----Daniel's Weeks Prophecy Week 69 Day 5-331,,,,,
69th,Mon,3791 Adar / 29,342 Dystros / 29,Shevat / 29,Peret Phamenoth 27,784 Martius / 12,31 Mar \ 12
,,|-----Daniel's Weeks Prophecy Week 69 Day 5-332,,,,,
70th,Tue,3791 Nissan / 1,342 Dystros / 30,Shevat / 30,Peret Phamenoth 28,784 Martius / 13,31 Mar \ 13
,,|-----Daniel's Weeks Prophecy Week 69 Day 5-333,,,,,
,,|-----Herod Antipas tetrarch of Galilee & Perea 31 years,,,,,
,,|-----Herod Philip II tetrarch of Iturea & Trachonitis 31 years,,,,,
,,|-----Caiaphas High Priest of Israel 13 years,,,,,
71st,Wed,3791 Nissan / 2,342 Xanthikos / 1,Adar / 1,Peret Phamenoth 29,784 Martius / 14,31 Mar \ 14
,,|-----Daniel's Weeks Prophecy Week 69 Day 5-334,,,,,
72nd,Thu,3791 Nissan / 3,342 Xanthikos / 2,Adar / 2,Peret Phamenoth 30,784 Martius / 15,31 Mar \ 15
,,|-----Daniel's Weeks Prophecy Week 69 Day 5-335,,,,,
73rd,Fri,3791 Nissan / 4,342 Xanthikos / 3,Adar / 3,Peret Pharmouthi 1,784 Martius / 16,31 Mar \ 16
,,|-----Daniel's Weeks Prophecy Week 69 Day 5-336,,,,,
74th,Sat,3791 Nissan / 5,342 Xanthikos / 4,Adar / 4,Peret Pharmouthi 2,784 Martius / 17,31 Mar \ 17
,,|-----Daniel's Weeks Prophecy Week 69 Day 5-337,,,,,
75th,Sun,3791 Nissan / 6,342 Xanthikos / 5,Adar / 5,Peret Pharmouthi 3,784 Martius / 18,31 Mar \ 18
,,|-----Daniel's Weeks Prophecy Week 69 Day 5-338,,,,,
76th,Mon,3791 Nissan / 7,342 Xanthikos / 6,Adar / 6,Peret Pharmouthi 4,784 Martius / 19,31 Mar \ 19
,,|-----Daniel's Weeks Prophecy Week 69 Day 5-339,,,,,
77th,Tue,3791 Nissan / 8,342 Xanthikos / 7,Adar / 7,Peret Pharmouthi 5,784 Martius / 20,31 Mar \ 20
,,|-----Daniel's Weeks Prophecy Week 69 Day 5-340,,,,,
78th,Wed,3791 Nissan / 9,342 Xanthikos / 8,Adar / 8,Peret Pharmouthi 6,784 Martius / 21,31 Mar \ 21
,,|-----Daniel's Weeks Prophecy Week 69 Day 5-341,,,,,
79th,Thu,3791 Nissan / 10,342 Xanthikos / 9,Adar / 9,Peret Pharmouthi 7,784 Martius / 22,31 Mar \ 22
,,|-----Daniel's Weeks Prophecy Week 69 Day 5-342,,,,,
80th EQ,Fri,3791 Nissan / 11,342 Xanthikos / 10,Adar / 10,Peret Pharmouthi 8,784 Martius / 23,31 Mar \ 23
,,|-----Daniel's Weeks Prophecy Week 69 Day 5-343,,,,,
81st,Sat,3791 Nissan / 12,342 Xanthikos / 11,Adar / 11,Peret Pharmouthi 9,784 Martius / 24,31 Mar \ 24
,,|-----Daniel's Weeks Prophecy Week 69 Day 5-344,,,,,
82nd,Sun,3791 Nissan / 13,342 Xanthikos / 12,Adar / 12,Peret Pharmouthi 10,784 Martius / 25,31 Mar \ 25
,,|-----Daniel's Weeks Prophecy Week 69 Day 5-345,,,,,
83rd,Mon,3791 Nissan / 14,342 Xanthikos / 13,Adar / 13,Peret Pharmouthi 11,784 Martius / 26,31 Mar \ 26
,,|-----Daniel's Weeks Prophecy Week 69 Day 5-346,,,,,
84th,Tue     Full,3791 Nissan / 15,342 Xanthikos / 14,Adar / 14,Peret Pharmouthi 12,784 Martius / 27,31 Mar \ 27
,,|-----Daniel's Weeks Prophecy Week 69 Day 5-347,,,,,
85th,Wed,3791 Nissan / 16,342 Xanthikos / 15,Adar / 15,Peret Pharmouthi 13,784 Martius / 28,31 Mar \ 28
,,|-----Daniel's Weeks Prophecy Week 69 Day 5-348,,,,,
86th,Thu,3791 Nissan / 17,342 Xanthikos / 16,Adar / 16,Peret Pharmouthi 14,784 Martius / 29,31 Mar \ 29
,,|-----Daniel's Weeks Prophecy Week 69 Day 5-349,,,,,
87th,Fri,3791 Nissan / 18,342 Xanthikos / 17,Adar / 17,Peret Pharmouthi 15,784 Martius / 30,31 Mar \ 30
,,|-----Daniel's Weeks Prophecy Week 69 Day 5-350,,,,,
88th,Sat,3791 Nissan / 19,342 Xanthikos / 18,Adar / 18,Peret Pharmouthi 16,784 Martius / 31,31 Mar \ 31
,,|-----Daniel's Weeks Prophecy Week 69 Day 5-351,,,,,
89th,Sun,3791 Nissan / 20,342 Xanthikos / 19,Adar / 19,Peret Pharmouthi 17,784 Aprilis / 1,31 Apr \ 1
,,|-----Daniel's Weeks Prophecy Week 69 Day 5-352,,,,,
90th,Mon,3791 Nissan / 21,342 Xanthikos / 20,Adar / 20,Peret Pharmouthi 18,784 Aprilis / 2,31 Apr \ 2
,,|-----Daniel's Weeks Prophecy Week 69 Day 5-353,,,,,
91st,Tue,3791 Nissan / 22,342 Xanthikos / 21,Adar / 21,Peret Pharmouthi 19,784 Aprilis / 3,31 Apr \ 3
,,|-----Daniel's Weeks Prophecy Week 69 Day 5-354,,,,,
92nd,Wed,3791 Nissan / 23,342 Xanthikos / 22,Adar / 22,Peret Pharmouthi 20,784 Aprilis / 4,31 Apr \ 4
,,|-----Daniel's Weeks Prophecy Week 69 Day 5-355,,,,,
93rd,Thu,3791 Nissan / 24,342 Xanthikos / 23,Adar / 23,Peret Pharmouthi 21,784 Aprilis / 5,31 Apr \ 5
,,|-----Daniel's Weeks Prophecy Week 69 Day 5-356,,,,,
94th,Fri,3791 Nissan / 25,342 Xanthikos / 24,Adar / 24,Peret Pharmouthi 22,784 Aprilis / 6,31 Apr \ 6
,,|-----Daniel's Weeks Prophecy Week 69 Day 5-357,,,,,
95th,Sat,3791 Nissan / 26,342 Xanthikos / 25,Adar / 25,Peret Pharmouthi 23,784 Aprilis / 7,31 Apr \ 7
,,|-----Daniel's Weeks Prophecy Week 69 Day 5-358,,,,,
96th,Sun,3791 Nissan / 27,342 Xanthikos / 26,Adar / 26,Peret Pharmouthi 24,784 Aprilis / 8,31 Apr \ 8
,,|-----Daniel's Weeks Prophecy Week 69 Day 5-359,,,,,
97th,Mon,3791 Nissan / 28,342 Xanthikos / 27,Adar / 27,Peret Pharmouthi 25,784 Aprilis / 9,31 Apr \ 9
,,|-----Daniel's Weeks Prophecy Week 69 Day 5-360,,,,,
98th,Tue     New,3791 Nissan / 29,342 Xanthikos / 28,Adar / 28,Peret Pharmouthi 26,784 Aprilis / 10,31 Apr \ 10
,,|-----Daniel's Weeks Prophecy Week 69 Day 6-1,,,,,
99th,Wed,3791 Nissan / 30,342 Xanthikos / 29,Adar / 29,Peret Pharmouthi 27,784 Aprilis / 11,31 Apr \ 11
,,|-----Daniel's Weeks Prophecy Week 69 Day 6-2,,,,,
100th,Thu,3791 Iyar / 1,342 Artemisios / 1,Nisan / 1,Peret Pharmouthi 28,784 Aprilis / 12,31 Apr \ 12
,,|-----Daniel's Weeks Prophecy Week 69 Day 6-3,,|-----Aretas IV Philopatris king of Nabatean Kingdom (Petra) 22 years,,,
101st,Fri,3791 Iyar / 2,342 Artemisios / 2,Nisan / 2,Peret Pharmouthi 29,784 Aprilis / 13,31 Apr \ 13
,,|-----Daniel's Weeks Prophecy Week 69 Day 6-4,,,,,
102nd,Sat,3791 Iyar / 3,342 Artemisios / 3,Nisan / 3,Peret Pharmouthi 30,784 Aprilis / 14,31 Apr \ 14
,,|-----Daniel's Weeks Prophecy Week 69 Day 6-5,,,,,
103rd,Sun,3791 Iyar / 4,342 Artemisios / 4,Nisan / 4,Shemu Pachons 1,784 Aprilis / 15,31 Apr \ 15
,,|-----Daniel's Weeks Prophecy Week 69 Day 6-6,,,,,
104th,Mon,3791 Iyar / 5,342 Artemisios / 5,Nisan / 5,Shemu Pachons 2,784 Aprilis / 16,31 Apr \ 16
,,|-----Daniel's Weeks Prophecy Week 69 Day 6-7,,,,,
105th,Tue,3791 Iyar / 6,342 Artemisios / 6,Nisan / 6,Shemu Pachons 3,784 Aprilis / 17,31 Apr \ 17
,,|-----Daniel's Weeks Prophecy Week 69 Day 6-8,,,,,
106th,Wed,3791 Iyar / 7,342 Artemisios / 7,Nisan / 7,Shemu Pachons 4,784 Aprilis / 18,31 Apr \ 18
,,|-----Daniel's Weeks Prophecy Week 69 Day 6-9,,,,,
107th,Thu,3791 Iyar / 8,342 Artemisios / 8,Nisan / 8,Shemu Pachons 5,784 Aprilis / 19,31 Apr \ 19
,,|-----Daniel's Weeks Prophecy Week 69 Day 6-10,,,,,
108th,Fri,3791 Iyar / 9,342 Artemisios / 9,Nisan / 9,Shemu Pachons 6,784 Aprilis / 20,31 Apr \ 20
,,|-----Daniel's Weeks Prophecy Week 69 Day 6-11,,,,,
109th,Sat,3791 Iyar / 10,342 Artemisios / 10,Nisan / 10,Shemu Pachons 7,784 Aprilis / 21,31 Apr \ 21
,,|-----Daniel's Weeks Prophecy Week 69 Day 6-12,,,,,
110th,Sun,3791 Iyar / 11,342 Artemisios / 11,Nisan / 11,Shemu Pachons 8,784 Aprilis / 22,31 Apr \ 22
,,|-----Daniel's Weeks Prophecy Week 69 Day 6-13,,,,,
111th,Mon,3791 Iyar / 12,342 Artemisios / 12,Nisan / 12,Shemu Pachons 9,784 Aprilis / 23,31 Apr \ 23
,,|-----Daniel's Weeks Prophecy Week 69 Day 6-14,,,,,
112th,Tue,3791 Iyar / 13,342 Artemisios / 13,Nisan / 13,Shemu Pachons 10,784 Aprilis / 24,31 Apr \ 24
,,|-----Daniel's Weeks Prophecy Week 69 Day 6-15,,,,,
113th,Wed     Full,3791 Iyar / 14,342 Artemisios / 14,Nisan / 14,Shemu Pachons 11,784 Aprilis / 25,31 Apr \ 25
,,|-----Daniel's Weeks Prophecy Week 69 Day 6-16,,,,,
114th,Thu,3791 Iyar / 15,342 Artemisios / 15,Nisan / 15,Shemu Pachons 12,784 Aprilis / 26,31 Apr \ 26
,,|-----Daniel's Weeks Prophecy Week 69 Day 6-17,,,,,
115th,Fri,3791 Iyar / 16,342 Artemisios / 16,Nisan / 16,Shemu Pachons 13,784 Aprilis / 27,31 Apr \ 27
,,|-----Daniel's Weeks Prophecy Week 69 Day 6-18,,,,,
116th,Sat,3791 Iyar / 17,342 Artemisios / 17,Nisan / 17,Shemu Pachons 14,784 Aprilis / 28,31 Apr \ 28
,,|-----Daniel's Weeks Prophecy Week 69 Day 6-19,,,,,
117th,Sun,3791 Iyar / 18,342 Artemisios / 18,Nisan / 18,Shemu Pachons 15,784 Aprilis / 29,31 Apr \ 29
,,|-----Daniel's Weeks Prophecy Week 69 Day 6-20,,,,,
118th,Mon,3791 Iyar / 19,342 Artemisios / 19,Nisan / 19,Shemu Pachons 16,784 Aprilis / 30,31 Apr \ 30
,,|-----Daniel's Weeks Prophecy Week 69 Day 6-21,,,,,
119th,Tue,3791 Iyar / 20,342 Artemisios / 20,Nisan / 20,Shemu Pachons 17,784 Maius / 1,31 May \ 1
,,|-----Daniel's Weeks Prophecy Week 69 Day 6-22,,,,,
120th,Wed,3791 Iyar / 21,342 Artemisios / 21,Nisan / 21,Shemu Pachons 18,784 Maius / 2,31 May \ 2
,,|-----Daniel's Weeks Prophecy Week 69 Day 6-23,,,,,
121st,Thu,3791 Iyar / 22,342 Artemisios / 22,Nisan / 22,Shemu Pachons 19,784 Maius / 3,31 May \ 3
,,|-----Daniel's Weeks Prophecy Week 69 Day 6-24,,,,,
122nd,Fri,3791 Iyar / 23,342 Artemisios / 23,Nisan / 23,Shemu Pachons 20,784 Maius / 4,31 May \ 4
,,|-----Daniel's Weeks Prophecy Week 69 Day 6-25,,,,,
123rd,Sat,3791 Iyar / 24,342 Artemisios / 24,Nisan / 24,Shemu Pachons 21,784 Maius / 5,31 May \ 5
,,|-----Daniel's Weeks Prophecy Week 69 Day 6-26,,,,,
124th,Sun,3791 Iyar / 25,342 Artemisios / 25,Nisan / 25,Shemu Pachons 22,784 Maius / 6,31 May \ 6
,,|-----Daniel's Weeks Prophecy Week 69 Day 6-27,,,,,
125th,Mon,3791 Iyar / 26,342 Artemisios / 26,Nisan / 26,Shemu Pachons 23,784 Maius / 7,31 May \ 7
,,|-----Daniel's Weeks Prophecy Week 69 Day 6-28,,,,,
126th,Tue,3791 Iyar / 27,342 Artemisios / 27,Nisan / 27,Shemu Pachons 24,784 Maius / 8,31 May \ 8
,,|-----Daniel's Weeks Prophecy Week 69 Day 6-29,,,,,
127th,Wed,3791 Iyar / 28,342 Artemisios / 28,Nisan / 28,Shemu Pachons 25,784 Maius / 9,31 May \ 9
,,|-----Daniel's Weeks Prophecy Week 69 Day 6-30,,,,,
128th,Thu     New,3791 Iyar / 29,342 Artemisios / 29,Nisan / 29,Shemu Pachons 26,784 Maius / 10,31 May \ 10
,,|-----Daniel's Weeks Prophecy Week 69 Day 6-31,,,,,
129th,Fri,3791 Iyar / 30,342 Artemisios / 30,Nisan / 30,Shemu Pachons 27,784 Maius / 11,31 May \ 11
,,|-----Daniel's Weeks Prophecy Week 69 Day 6-32,,,,,
130th,Sat,3791 Sivan / 1,342 Daisios / 1,Iyyar / 1,Shemu Pachons 28,784 Maius / 12,31 May \ 12
,,|-----Daniel's Weeks Prophecy Week 69 Day 6-33,,,,,
131st,Sun,3791 Sivan / 2,342 Daisios / 2,Iyyar / 2,Shemu Pachons 29,784 Maius / 13,31 May \ 13
,,|-----Daniel's Weeks Prophecy Week 69 Day 6-34,,,,,
132nd,Mon,3791 Sivan / 3,342 Daisios / 3,Iyyar / 3,Shemu Pachons 30,784 Maius / 14,31 May \ 14
,,|-----Daniel's Weeks Prophecy Week 69 Day 6-35,,,,,
133rd,Tue,3791 Sivan / 4,342 Daisios / 4,Iyyar / 4,Shemu Payni 1,784 Maius / 15,31 May \ 15
,,|-----Daniel's Weeks Prophecy Week 69 Day 6-36,,,,,
134th,Wed,3791 Sivan / 5,342 Daisios / 5,Iyyar / 5,Shemu Payni 2,784 Maius / 16,31 May \ 16
,,|-----Daniel's Weeks Prophecy Week 69 Day 6-37,,,,,
135th,Thu,3791 Sivan / 6,342 Daisios / 6,Iyyar / 6,Shemu Payni 3,784 Maius / 17,31 May \ 17
,,|-----Daniel's Weeks Prophecy Week 69 Day 6-38,,,,,
136th,Fri,3791 Sivan / 7,342 Daisios / 7,Iyyar / 7,Shemu Payni 4,784 Maius / 18,31 May \ 18
,,|-----Daniel's Weeks Prophecy Week 69 Day 6-39,,,,,
137th,Sat,3791 Sivan / 8,342 Daisios / 8,Iyyar / 8,Shemu Payni 5,784 Maius / 19,31 May \ 19
,,|-----Daniel's Weeks Prophecy Week 69 Day 6-40,,,,,
138th,Sun,3791 Sivan / 9,342 Daisios / 9,Iyyar / 9,Shemu Payni 6,784 Maius / 20,31 May \ 20
,,|-----Daniel's Weeks Prophecy Week 69 Day 6-41,,,,,
139th,Mon,3791 Sivan / 10,342 Daisios / 10,Iyyar / 10,Shemu Payni 7,784 Maius / 21,31 May \ 21
,,|-----Daniel's Weeks Prophecy Week 69 Day 6-42,,,,,
140th,Tue,3791 Sivan / 11,342 Daisios / 11,Iyyar / 11,Shemu Payni 8,784 Maius / 22,31 May \ 22
,,|-----Daniel's Weeks Prophecy Week 69 Day 6-43,,,,,
141st,Wed,3791 Sivan / 12,342 Daisios / 12,Iyyar / 12,Shemu Payni 9,784 Maius / 23,31 May \ 23
,,|-----Daniel's Weeks Prophecy Week 69 Day 6-44,,,,,
142nd,Thu,3791 Sivan / 13,342 Daisios / 13,Iyyar / 13,Shemu Payni 10,784 Maius / 24,31 May \ 24
,,|-----Daniel's Weeks Prophecy Week 69 Day 6-45,,,,,
143rd,Fri     Full,3791 Sivan / 14,342 Daisios / 14,Iyyar / 14,Shemu Payni 11,784 Maius / 25,31 May \ 25
,,|-----Daniel's Weeks Prophecy Week 69 Day 6-46,,,,,
144th,Sat,3791 Sivan / 15,342 Daisios / 15,Iyyar / 15,Shemu Payni 12,784 Maius / 26,31 May \ 26
,,|-----Daniel's Weeks Prophecy Week 69 Day 6-47,,,,,
145th,Sun,3791 Sivan / 16,342 Daisios / 16,Iyyar / 16,Shemu Payni 13,784 Maius / 27,31 May \ 27
,,|-----Daniel's Weeks Prophecy Week 69 Day 6-48,,,,,
146th,Mon,3791 Sivan / 17,342 Daisios / 17,Iyyar / 17,Shemu Payni 14,784 Maius / 28,31 May \ 28
,,|-----Daniel's Weeks Prophecy Week 69 Day 6-49,,,,,
147th,Tue,3791 Sivan / 18,342 Daisios / 18,Iyyar / 18,Shemu Payni 15,784 Maius / 29,31 May \ 29
,,|-----Daniel's Weeks Prophecy Week 69 Day 6-50,,,,,
148th,Wed,3791 Sivan / 19,342 Daisios / 19,Iyyar / 19,Shemu Payni 16,784 Maius / 30,31 May \ 30
,,|-----Daniel's Weeks Prophecy Week 69 Day 6-51,,,,,
149th,Thu,3791 Sivan / 20,342 Daisios / 20,Iyyar / 20,Shemu Payni 17,784 Maius / 31,31 May \ 31
,,|-----Daniel's Weeks Prophecy Week 69 Day 6-52,,,,,
150th,Fri,3791 Sivan / 21,342 Daisios / 21,Iyyar / 21,Shemu Payni 18,784 Iunius / 1,31 Jun \ 1
,,|-----Daniel's Weeks Prophecy Week 69 Day 6-53,,,,,
151st,Sat,3791 Sivan / 22,342 Daisios / 22,Iyyar / 22,Shemu Payni 19,784 Iunius / 2,31 Jun \ 2
,,|-----Daniel's Weeks Prophecy Week 69 Day 6-54,,,,,
152nd,Sun,3791 Sivan / 23,342 Daisios / 23,Iyyar / 23,Shemu Payni 20,784 Iunius / 3,31 Jun \ 3
,,|-----Daniel's Weeks Prophecy Week 69 Day 6-55,,,,,
153rd,Mon,3791 Sivan / 24,342 Daisios / 24,Iyyar / 24,Shemu Payni 21,784 Iunius / 4,31 Jun \ 4
,,|-----Daniel's Weeks Prophecy Week 69 Day 6-56,,,,,
154th,Tue,3791 Sivan / 25,342 Daisios / 25,Iyyar / 25,Shemu Payni 22,784 Iunius / 5,31 Jun \ 5
,,|-----Daniel's Weeks Prophecy Week 69 Day 6-57,,,,,
155th,Wed,3791 Sivan / 26,342 Daisios / 26,Iyyar / 26,Shemu Payni 23,784 Iunius / 6,31 Jun \ 6
,,|-----Daniel's Weeks Prophecy Week 69 Day 6-58,,,,,
156th,Thu,3791 Sivan / 27,342 Daisios / 27,Iyyar / 27,Shemu Payni 24,784 Iunius / 7,31 Jun \ 7
,,|-----Daniel's Weeks Prophecy Week 69 Day 6-59,,,,,
157th,Fri     New,3791 Sivan / 28,342 Daisios / 28,Iyyar / 28,Shemu Payni 25,784 Iunius / 8,31 Jun \ 8
,,|-----Daniel's Weeks Prophecy Week 69 Day 6-60,,,,,
158th,Sat,3791 Sivan / 29,342 Daisios / 29,Iyyar / 29,Shemu Payni 26,784 Iunius / 9,31 Jun \ 9
,,|-----Daniel's Weeks Prophecy Week 69 Day 6-61,,,,,
159th,Sun,3791 Tammuz / 1,342 Daisios / 30,Iyyar / 30,Shemu Payni 27,784 Iunius / 10,31 Jun \ 10
,,|-----Daniel's Weeks Prophecy Week 69 Day 6-62,,,,,
160th S,Mon,3791 Tammuz / 2,342 Panemos / 1,Sivan / 1,Shemu Payni 28,784 Iunius / 11,31 Jun \ 11
,,|-----Daniel's Weeks Prophecy Week 69 Day 6-63,,,,,
161st,Tue,3791 Tammuz / 3,342 Panemos / 2,Sivan / 2,Shemu Payni 29,784 Iunius / 12,31 Jun \ 12
,,|-----Daniel's Weeks Prophecy Week 69 Day 6-64,,,,,
162nd,Wed,3791 Tammuz / 4,342 Panemos / 3,Sivan / 3,Shemu Payni 30,784 Iunius / 13,31 Jun \ 13
,,|-----Daniel's Weeks Prophecy Week 69 Day 6-65,,,,,
163rd,Thu,3791 Tammuz / 5,342 Panemos / 4,Sivan / 4,Shemu Epiphi 1,784 Iunius / 14,31 Jun \ 14
,,|-----Daniel's Weeks Prophecy Week 69 Day 6-66,,,,,
164th,Fri,3791 Tammuz / 6,342 Panemos / 5,Sivan / 5,Shemu Epiphi 2,784 Iunius / 15,31 Jun \ 15
,,|-----Daniel's Weeks Prophecy Week 69 Day 6-67,,,,,
165th,Sat,3791 Tammuz / 7,342 Panemos / 6,Sivan / 6,Shemu Epiphi 3,784 Iunius / 16,31 Jun \ 16
,,|-----Daniel's Weeks Prophecy Week 69 Day 6-68,,,,,
166th,Sun,3791 Tammuz / 8,342 Panemos / 7,Sivan / 7,Shemu Epiphi 4,784 Iunius / 17,31 Jun \ 17
,,|-----Daniel's Weeks Prophecy Week 69 Day 6-69,,,,,
167th,Mon,3791 Tammuz / 9,342 Panemos / 8,Sivan / 8,Shemu Epiphi 5,784 Iunius / 18,31 Jun \ 18
,,|-----Daniel's Weeks Prophecy Week 69 Day 6-70,,,,,
168th,Tue,3791 Tammuz / 10,342 Panemos / 9,Sivan / 9,Shemu Epiphi 6,784 Iunius / 19,31 Jun \ 19
,,|-----Daniel's Weeks Prophecy Week 69 Day 6-71,,,,,
169th,Wed,3791 Tammuz / 11,342 Panemos / 10,Sivan / 10,Shemu Epiphi 7,784 Iunius / 20,31 Jun \ 20
,,|-----Daniel's Weeks Prophecy Week 69 Day 6-72,,,,,
170th,Thu,3791 Tammuz / 12,342 Panemos / 11,Sivan / 11,Shemu Epiphi 8,784 Iunius / 21,31 Jun \ 21
,,|-----Daniel's Weeks Prophecy Week 69 Day 6-73,,,,,
171st,Fri,3791 Tammuz / 13,342 Panemos / 12,Sivan / 12,Shemu Epiphi 9,784 Iunius / 22,31 Jun \ 22
,,|-----Daniel's Weeks Prophecy Week 69 Day 6-74,,,,,
172nd,Sat     Full,3791 Tammuz / 14,342 Panemos / 13,Sivan / 13,Shemu Epiphi 10,784 Iunius / 23,31 Jun \ 23
,,|-----Daniel's Weeks Prophecy Week 69 Day 6-75,,,,,
173rd,Sun,3791 Tammuz / 15,342 Panemos / 14,Sivan / 14,Shemu Epiphi 11,784 Iunius / 24,31 Jun \ 24
,,|-----Daniel's Weeks Prophecy Week 69 Day 6-76,,,,,
174th,Mon,3791 Tammuz / 16,342 Panemos / 15,Sivan / 15,Shemu Epiphi 12,784 Iunius / 25,31 Jun \ 25
,,|-----Daniel's Weeks Prophecy Week 69 Day 6-77,,,,,
175th,Tue,3791 Tammuz / 17,342 Panemos / 16,Sivan / 16,Shemu Epiphi 13,784 Iunius / 26,31 Jun \ 26
,,|-----Daniel's Weeks Prophecy Week 69 Day 6-78,,,,,
176th,Wed,3791 Tammuz / 18,342 Panemos / 17,Sivan / 17,Shemu Epiphi 14,784 Iunius / 27,31 Jun \ 27
,,|-----Daniel's Weeks Prophecy Week 69 Day 6-79,,,,,
177th,Thu,3791 Tammuz / 19,342 Panemos / 18,Sivan / 18,Shemu Epiphi 15,784 Iunius / 28,31 Jun \ 28
,,|-----Daniel's Weeks Prophecy Week 69 Day 6-80,,,,,
178th,Fri,3791 Tammuz / 20,342 Panemos / 19,Sivan / 19,Shemu Epiphi 16,784 Iunius / 29,31 Jun \ 29
,,|-----Daniel's Weeks Prophecy Week 69 Day 6-81,,,,,
179th,Sat,3791 Tammuz / 21,342 Panemos / 20,Sivan / 20,Shemu Epiphi 17,784 Iunius / 30,31 Jun \ 30
,,|-----Daniel's Weeks Prophecy Week 69 Day 6-82,,,,,
180th,Sun,3791 Tammuz / 22,342 Panemos / 21,Sivan / 21,Shemu Epiphi 18,784 Julius / 1,31 Jul \ 1
,,|-----Daniel's Weeks Prophecy Week 69 Day 6-83,,,,,
181st,Mon,3791 Tammuz / 23,342 Panemos / 22,Sivan / 22,Shemu Epiphi 19,784 Julius / 2,31 Jul \ 2
,,|-----Daniel's Weeks Prophecy Week 69 Day 6-84,,,,,
182nd,Tue,3791 Tammuz / 24,342 Panemos / 23,Sivan / 23,Shemu Epiphi 20,784 Julius / 3,31 Jul \ 3
,,|-----Daniel's Weeks Prophecy Week 69 Day 6-85,,,,,
183rd,Wed,3791 Tammuz / 25,342 Panemos / 24,Sivan / 24,Shemu Epiphi 21,784 Julius / 4,31 Jul \ 4
,,|-----Daniel's Weeks Prophecy Week 69 Day 6-86,,,,,
184th,Thu,3791 Tammuz / 26,342 Panemos / 25,Sivan / 25,Shemu Epiphi 22,784 Julius / 5,31 Jul \ 5
,,|-----Daniel's Weeks Prophecy Week 69 Day 6-87,,,,,
185th,Fri,3791 Tammuz / 27,342 Panemos / 26,Sivan / 26,Shemu Epiphi 23,784 Julius / 6,31 Jul \ 6
,,|-----Daniel's Weeks Prophecy Week 69 Day 6-88,,,,,
186th,Sat,3791 Tammuz / 28,342 Panemos / 27,Sivan / 27,Shemu Epiphi 24,784 Julius / 7,31 Jul \ 7
,,|-----Daniel's Weeks Prophecy Week 69 Day 6-89,,,,,
187th,Sun     New,3791 Tammuz / 29,342 Panemos / 28,Sivan / 28,Shemu Epiphi 25,784 Julius / 8,31 Jul \ 8
,,|-----Daniel's Weeks Prophecy Week 69 Day 6-90,,,,,
188th,Mon,3791 Av / 1,342 Panemos / 29,Sivan / 29,Shemu Epiphi 26,784 Julius / 9,31 Jul \ 9
,,|-----Daniel's Weeks Prophecy Week 69 Day 6-91,,,,,
189th,Tue,3791 Av / 2,342 Loos / 1,Tammuz / 1,Shemu Epiphi 27,784 Julius / 10,31 Jul \ 10
,,|-----Daniel's Weeks Prophecy Week 69 Day 6-92,,,,,
190th,Wed,3791 Av / 3,342 Loos / 2,Tammuz / 2,Shemu Epiphi 28,784 Julius / 11,31 Jul \ 11
,,|-----Daniel's Weeks Prophecy Week 69 Day 6-93,,,,,
191st,Thu,3791 Av / 4,342 Loos / 3,Tammuz / 3,Shemu Epiphi 29,784 Julius / 12,31 Jul \ 12
,,|-----Daniel's Weeks Prophecy Week 69 Day 6-94,,,,,
192nd,Fri,3791 Av / 5,342 Loos / 4,Tammuz / 4,Shemu Epiphi 30,784 Julius / 13,31 Jul \ 13
,,|-----Daniel's Weeks Prophecy Week 69 Day 6-95,,,,,
193rd,Sat,3791 Av / 6,342 Loos / 5,Tammuz / 5,Shemu Mesore 1,784 Julius / 14,31 Jul \ 14
,,|-----Daniel's Weeks Prophecy Week 69 Day 6-96,,,,,
194th,Sun,3791 Av / 7,342 Loos / 6,Tammuz / 6,Shemu Mesore 2,784 Julius / 15,31 Jul \ 15
,,|-----Daniel's Weeks Prophecy Week 69 Day 6-97,,,,,
195th,Mon,3791 Av / 8,342 Loos / 7,Tammuz / 7,Shemu Mesore 3,784 Julius / 16,31 Jul \ 16
,,|-----Daniel's Weeks Prophecy Week 69 Day 6-98,,,,,
196th,Tue,3791 Av / 9,342 Loos / 8,Tammuz / 8,Shemu Mesore 4,784 Julius / 17,31 Jul \ 17
,,|-----Daniel's Weeks Prophecy Week 69 Day 6-99,,,,,
197th,Wed,3791 Av / 10,342 Loos / 9,Tammuz / 9,Shemu Mesore 5,784 Julius / 18,31 Jul \ 18
,,|-----Daniel's Weeks Prophecy Week 69 Day 6-100,,,,,
198th,Thu,3791 Av / 11,342 Loos / 10,Tammuz / 10,Shemu Mesore 6,784 Julius / 19,31 Jul \ 19
,,|-----Daniel's Weeks Prophecy Week 69 Day 6-101,,,,,
199th,Fri,3791 Av / 12,342 Loos / 11,Tammuz / 11,Shemu Mesore 7,784 Julius / 20,31 Jul \ 20
,,|-----Daniel's Weeks Prophecy Week 69 Day 6-102,,,,,
200th,Sat,3791 Av / 13,342 Loos / 12,Tammuz / 12,Shemu Mesore 8,784 Julius / 21,31 Jul \ 21
,,|-----Daniel's Weeks Prophecy Week 69 Day 6-103,,,,,
201st,Sun     Full,3791 Av / 14,342 Loos / 13,Tammuz / 13,Shemu Mesore 9,784 Julius / 22,31 Jul \ 22
,,|-----Daniel's Weeks Prophecy Week 69 Day 6-104,,,,,
202nd,Mon,3791 Av / 15,342 Loos / 14,Tammuz / 14,Shemu Mesore 10,784 Julius / 23,31 Jul \ 23
,,|-----Daniel's Weeks Prophecy Week 69 Day 6-105,,,,,
203rd,Tue,3791 Av / 16,342 Loos / 15,Tammuz / 15,Shemu Mesore 11,784 Julius / 24,31 Jul \ 24
,,|-----Daniel's Weeks Prophecy Week 69 Day 6-106,,,,,
204th,Wed,3791 Av / 17,342 Loos / 16,Tammuz / 16,Shemu Mesore 12,784 Julius / 25,31 Jul \ 25
,,|-----Daniel's Weeks Prophecy Week 69 Day 6-107,,,,,
205th,Thu,3791 Av / 18,342 Loos / 17,Tammuz / 17,Shemu Mesore 13,784 Julius / 26,31 Jul \ 26
,,|-----Daniel's Weeks Prophecy Week 69 Day 6-108,,,,,
206th,Fri,3791 Av / 19,342 Loos / 18,Tammuz / 18,Shemu Mesore 14,784 Julius / 27,31 Jul \ 27
,,|-----Daniel's Weeks Prophecy Week 69 Day 6-109,,,,,
207th,Sat,3791 Av / 20,342 Loos / 19,Tammuz / 19,Shemu Mesore 15,784 Julius / 28,31 Jul \ 28
,,|-----Daniel's Weeks Prophecy Week 69 Day 6-110,,,,,
208th,Sun,3791 Av / 21,342 Loos / 20,Tammuz / 20,Shemu Mesore 16,784 Julius / 29,31 Jul \ 29
,,|-----Daniel's Weeks Prophecy Week 69 Day 6-111,,,,,
209th,Mon,3791 Av / 22,342 Loos / 21,Tammuz / 21,Shemu Mesore 17,784 Julius / 30,31 Jul \ 30
,,|-----Daniel's Weeks Prophecy Week 69 Day 6-112,,,,,
210th,Tue,3791 Av / 23,342 Loos / 22,Tammuz / 22,Shemu Mesore 18,784 Julius / 31,31 Jul \ 31
,,|-----Daniel's Weeks Prophecy Week 69 Day 6-113,,,,,
211th,Wed,3791 Av / 24,342 Loos / 23,Tammuz / 23,Shemu Mesore 19,784 Augustus / 1,31 Aug \ 1
,,|-----Daniel's Weeks Prophecy Week 69 Day 6-114,,,,,
212th,Thu,3791 Av / 25,342 Loos / 24,Tammuz / 24,Shemu Mesore 20,784 Augustus / 2,31 Aug \ 2
,,|-----Daniel's Weeks Prophecy Week 69 Day 6-115,,,,,
213th,Fri,3791 Av / 26,342 Loos / 25,Tammuz / 25,Shemu Mesore 21,784 Augustus / 3,31 Aug \ 3
,,|-----Daniel's Weeks Prophecy Week 69 Day 6-116,,,,,
214th,Sat,3791 Av / 27,342 Loos / 26,Tammuz / 26,Shemu Mesore 22,784 Augustus / 4,31 Aug \ 4
,,|-----Daniel's Weeks Prophecy Week 69 Day 6-117,,,,,
215th,Sun,3791 Av / 28,342 Loos / 27,Tammuz / 27,Shemu Mesore 23,784 Augustus / 5,31 Aug \ 5
,,|-----Daniel's Weeks Prophecy Week 69 Day 6-118,,,,,
216th,Mon     New,3791 Av / 29,342 Loos / 28,Tammuz / 28,Shemu Mesore 24,784 Augustus / 6,31 Aug \ 6
,,|-----Daniel's Weeks Prophecy Week 69 Day 6-119,,,,,
217th,Tue,3791 Av / 30,342 Loos / 29,Tammuz / 29,Shemu Mesore 25,784 Augustus / 7,31 Aug \ 7
,,|-----Daniel's Weeks Prophecy Week 69 Day 6-120,,,,,
218th,Wed,3791 Elul / 1,342 Loos / 30,Tammuz / 30,Shemu Mesore 26,784 Augustus / 8,31 Aug \ 8
,,|-----Daniel's Weeks Prophecy Week 69 Day 6-121,,,,,
219th,Thu,3791 Elul / 2,342 Gorpiaios / 1,Ab / 1,Shemu Mesore 27,784 Augustus / 9,31 Aug \ 9
,,|-----Daniel's Weeks Prophecy Week 69 Day 6-122,,,,,
220th,Fri,3791 Elul / 3,342 Gorpiaios / 2,Ab / 2,Shemu Mesore 28,784 Augustus / 10,31 Aug \ 10
,,|-----Daniel's Weeks Prophecy Week 69 Day 6-123,,,,,
221st,Sat,3791 Elul / 4,342 Gorpiaios / 3,Ab / 3,Shemu Mesore 29,784 Augustus / 11,31 Aug \ 11
,,|-----Daniel's Weeks Prophecy Week 69 Day 6-124,,,,,
222nd,Sun,3791 Elul / 5,342 Gorpiaios / 4,Ab / 4,Shemu Mesore 30,784 Augustus / 12,31 Aug \ 12
,,|-----Daniel's Weeks Prophecy Week 69 Day 6-125,,,,,
223rd,Mon,3791 Elul / 6,342 Gorpiaios / 5,Ab / 5,Birth of Osiris,784 Augustus / 13,31 Aug \ 13
,,|-----Daniel's Weeks Prophecy Week 69 Day 6-126,,,,,
224th,Tue,3791 Elul / 7,342 Gorpiaios / 6,Ab / 6,Birth of Horus,784 Augustus / 14,31 Aug \ 14
,,|-----Daniel's Weeks Prophecy Week 69 Day 6-127,,,,,
225th,Wed,3791 Elul / 8,342 Gorpiaios / 7,Ab / 7,Birth of Seth,784 Augustus / 15,31 Aug \ 15
,,|-----Daniel's Weeks Prophecy Week 69 Day 6-128,,,,,
226th,Thu,3791 Elul / 9,342 Gorpiaios / 8,Ab / 8,Birth of Isis,784 Augustus / 16,31 Aug \ 16
,,|-----Daniel's Weeks Prophecy Week 69 Day 6-129,,,,,
227th,Fri,3791 Elul / 10,342 Gorpiaios / 9,Ab / 9,Birth of Nephthys,784 Augustus / 17,31 Aug \ 17
,,|-----Daniel's Weeks Prophecy Week 69 Day 6-130,,,,,
228th,Sat,3791 Elul / 11,342 Gorpiaios / 10,Ab / 10,Akhet Thoth 1,784 Augustus / 18,31 Aug \ 18
,,|-----Daniel's Weeks Prophecy Week 69 Day 6-131,,,|-----Aulus Avilius Flavius Roman made prefect of EGYPT ,,
,,,,,|-----Amanitore Queen of Kush 26 years,,
229th,Sun,3791 Elul / 12,342 Gorpiaios / 11,Ab / 11,Akhet Thoth 2,784 Augustus / 19,31 Aug \ 19
,,|-----Daniel's Weeks Prophecy Week 69 Day 6-132,,,,,
230th,Mon,3791 Elul / 13,342 Gorpiaios / 12,Ab / 12,Akhet Thoth 3,784 Augustus / 20,31 Aug \ 20
,,|-----Daniel's Weeks Prophecy Week 69 Day 6-133,,,,,
231st,Tue     Full,3791 Elul / 14,342 Gorpiaios / 13,Ab / 13,Akhet Thoth 4,784 Augustus / 21,31 Aug \ 21
,,|-----Daniel's Weeks Prophecy Week 69 Day 6-134,,,,,
232nd,Wed,3791 Elul / 15,342 Gorpiaios / 14,Ab / 14,Akhet Thoth 5,784 Augustus / 22,31 Aug \ 22
,,|-----Daniel's Weeks Prophecy Week 69 Day 6-135,,,,,
233rd,Thu,3791 Elul / 16,342 Gorpiaios / 15,Ab / 15,Akhet Thoth 6,784 Augustus / 23,31 Aug \ 23
,,|-----Daniel's Weeks Prophecy Week 69 Day 6-136,,,,,
234th,Fri,3791 Elul / 17,342 Gorpiaios / 16,Ab / 16,Akhet Thoth 7,784 Augustus / 24,31 Aug \ 24
,,|-----Daniel's Weeks Prophecy Week 69 Day 6-137,,,,,
235th,Sat,3791 Elul / 18,342 Gorpiaios / 17,Ab / 17,Akhet Thoth 8,784 Augustus / 25,31 Aug \ 25
,,|-----Daniel's Weeks Prophecy Week 69 Day 6-138,,,,,
236th,Sun,3791 Elul / 19,342 Gorpiaios / 18,Ab / 18,Akhet Thoth 9,784 Augustus / 26,31 Aug \ 26
,,|-----Daniel's Weeks Prophecy Week 69 Day 6-139,,,,,
237th,Mon,3791 Elul / 20,342 Gorpiaios / 19,Ab / 19,Akhet Thoth 10,784 Augustus / 27,31 Aug \ 27
,,|-----Daniel's Weeks Prophecy Week 69 Day 6-140,,,,,
238th,Tue,3791 Elul / 21,342 Gorpiaios / 20,Ab / 20,Akhet Thoth 11,784 Augustus / 28,31 Aug \ 28
,,|-----Daniel's Weeks Prophecy Week 69 Day 6-141,,,,,
239th,Wed,3791 Elul / 22,342 Gorpiaios / 21,Ab / 21,Akhet Thoth 12,784 Augustus / 29,31 Aug \ 29
,,|-----Daniel's Weeks Prophecy Week 69 Day 6-142,,,,,
240th,Thu,3791 Elul / 23,342 Gorpiaios / 22,Ab / 22,Akhet Thoth 13,784 Augustus / 30,31 Aug \ 30
,,|-----Daniel's Weeks Prophecy Week 69 Day 6-143,,,,,
241st,Fri,3791 Elul / 24,342 Gorpiaios / 23,Ab / 23,Akhet Thoth 14,784 Augustus / 31,31 Aug \ 31
,,|-----Daniel's Weeks Prophecy Week 69 Day 6-144,,,,,
242nd,Sat,3791 Elul / 25,342 Gorpiaios / 24,Ab / 24,Akhet Thoth 15,784 September / 1,31 Sep \ 1
,,|-----Daniel's Weeks Prophecy Week 69 Day 6-145,,,,,
243rd,Sun,3791 Elul / 26,342 Gorpiaios / 25,Ab / 25,Akhet Thoth 16,784 September / 2,31 Sep \ 2
,,|-----Daniel's Weeks Prophecy Week 69 Day 6-146,,,,,
244th,Mon,3791 Elul / 27,342 Gorpiaios / 26,Ab / 26,Akhet Thoth 17,784 September / 3,31 Sep \ 3
,,|-----Daniel's Weeks Prophecy Week 69 Day 6-147,,,,,
245th,Tue,3791 Elul / 28,342 Gorpiaios / 27,Ab / 27,Akhet Thoth 18,784 September / 4,31 Sep \ 4
,,|-----Daniel's Weeks Prophecy Week 69 Day 6-148,,,,,
246th,Wed     New,3791 Elul / 29,342 Gorpiaios / 28,Ab / 28,Akhet Thoth 19,784 September / 5,31 Sep \ 5
,,|-----Daniel's Weeks Prophecy Week 69 Day 6-149,,,,,
247th,Thu,3792 Tishri / 1 New Year,342 Gorpiaios / 29,Ab / 29,Akhet Thoth 20,784 September / 6,31 Sep \ 6
,,|-----Daniel's Weeks Prophecy Week 69 Day 6-150,,,,,
248th,Fri,3792 Tishri / 2,342 Hyperberetaios / 1,Elul / 1,Akhet Thoth 21,784 September / 7,31 Sep \ 7
,,|-----Daniel's Weeks Prophecy Week 69 Day 6-151,,,,,
249th,Sat,3792 Tishri / 3,342 Hyperberetaios / 2,Elul / 2,Akhet Thoth 22,784 September / 8,31 Sep \ 8
,,|-----Daniel's Weeks Prophecy Week 69 Day 6-152,,,,,
250th,Sun,3792 Tishri / 4,342 Hyperberetaios / 3,Elul / 3,Akhet Thoth 23,784 September / 9,31 Sep \ 9
,,|-----Daniel's Weeks Prophecy Week 69 Day 6-153,,,,,
251st,Mon,3792 Tishri / 5,342 Hyperberetaios / 4,Elul / 4,Akhet Thoth 24,784 September / 10,31 Sep \ 10
,,|-----Daniel's Weeks Prophecy Week 69 Day 6-154,,,,,
252nd,Tue,3792 Tishri / 6,342 Hyperberetaios / 5,Elul / 5,Akhet Thoth 25,784 September / 11,31 Sep \ 11
,,|-----Daniel's Weeks Prophecy Week 69 Day 6-155,,,,,
253rd,Wed,3792 Tishri / 7,342 Hyperberetaios / 6,Elul / 6,Akhet Thoth 26,784 September / 12,31 Sep \ 12
,,|-----Daniel's Weeks Prophecy Week 69 Day 6-156,,,,,
254th,Thu,3792 Tishri / 8,342 Hyperberetaios / 7,Elul / 7,Akhet Thoth 27,784 September / 13,31 Sep \ 13
,,|-----Daniel's Weeks Prophecy Week 69 Day 6-157,,,,,
255th,Fri,3792 Tishri / 9,342 Hyperberetaios / 8,Elul / 8,Akhet Thoth 28,784 September / 14,31 Sep \ 14
,,|-----Daniel's Weeks Prophecy Week 69 Day 6-158,,,,,
256th,Sat,3792 Tishri / 10,342 Hyperberetaios / 9,Elul / 9,Akhet Thoth 29,784 September / 15,31 Sep \ 15
,,|-----Daniel's Weeks Prophecy Week 69 Day 6-159,,,,,
257th,Sun,3792 Tishri / 11,342 Hyperberetaios / 10,Elul / 10,Akhet Thoth 30,784 September / 16,31 Sep \ 16
,,|-----Daniel's Weeks Prophecy Week 69 Day 6-160,,,,,
258th,Mon,3792 Tishri / 12,342 Hyperberetaios / 11,Elul / 11,Akhet Phaophi 1,784 September / 17,31 Sep \ 17
,,|-----Daniel's Weeks Prophecy Week 69 Day 6-161,,,,,
259th,Tue,3792 Tishri / 13,342 Hyperberetaios / 12,Elul / 12,Akhet Phaophi 2,784 September / 18,31 Sep \ 18
,,|-----Daniel's Weeks Prophecy Week 69 Day 6-162,,,,,
260th,Wed     Full,3792 Tishri / 14,342 Hyperberetaios / 13,Elul / 13,Akhet Phaophi 3,784 September / 19,31 Sep \ 19
,,|-----Daniel's Weeks Prophecy Week 69 Day 6-163,,,,,
261st,Thu,3792 Tishri / 15,342 Hyperberetaios / 14,Elul / 14,Akhet Phaophi 4,784 September / 20,31 Sep \ 20
,,|-----Daniel's Weeks Prophecy Week 69 Day 6-164,,,,,
262nd,Fri,3792 Tishri / 16,342 Hyperberetaios / 15,Elul / 15,Akhet Phaophi 5,784 September / 21,31 Sep \ 21
,,|-----Daniel's Weeks Prophecy Week 69 Day 6-165,,,,,
263rd,Sat,3792 Tishri / 17,342 Hyperberetaios / 16,Elul / 16,Akhet Phaophi 6,784 September / 22,31 Sep \ 22
,,|-----Daniel's Weeks Prophecy Week 69 Day 6-166,,,,,
264th,Sun,3792 Tishri / 18,342 Hyperberetaios / 17,Elul / 17,Akhet Phaophi 7,784 September / 23,31 Sep \ 23
,,|-----Daniel's Weeks Prophecy Week 69 Day 6-167,,,,,
265th,Mon,3792 Tishri / 19,342 Hyperberetaios / 18,Elul / 18,Akhet Phaophi 8,784 September / 24,31 Sep \ 24
,,|-----Daniel's Weeks Prophecy Week 69 Day 6-168,,,,,
266th EQ,Tue,3792 Tishri / 20,342 Hyperberetaios / 19,Elul / 19,Akhet Phaophi 9,784 September / 25,31 Sep \ 25
,,|-----Daniel's Weeks Prophecy Week 69 Day 6-169,,,,,
267th,Wed,3792 Tishri / 21,342 Hyperberetaios / 20,Elul / 20,Akhet Phaophi 10,784 September / 26,31 Sep \ 26
,,|-----Daniel's Weeks Prophecy Week 69 Day 6-170,,,,,
268th,Thu,3792 Tishri / 22,342 Hyperberetaios / 21,Elul / 21,Akhet Phaophi 11,784 September / 27,31 Sep \ 27
,,|-----Daniel's Weeks Prophecy Week 69 Day 6-171,,,,,
269th,Fri,3792 Tishri / 23,342 Hyperberetaios / 22,Elul / 22,Akhet Phaophi 12,784 September / 28,31 Sep \ 28
,,|-----Daniel's Weeks Prophecy Week 69 Day 6-172,,,,,
270th,Sat,3792 Tishri / 24,342 Hyperberetaios / 23,Elul / 23,Akhet Phaophi 13,784 September / 29,31 Sep \ 29
,,|-----Daniel's Weeks Prophecy Week 69 Day 6-173,,,,,
271st,Sun,3792 Tishri / 25,342 Hyperberetaios / 24,Elul / 24,Akhet Phaophi 14,784 September / 30,31 Sep \ 30
,,|-----Daniel's Weeks Prophecy Week 69 Day 6-174,,,,,
272nd,Mon,3792 Tishri / 26,342 Hyperberetaios / 25,Elul / 25,Akhet Phaophi 15,784 October / 1,31 Oct \ 1
,,|-----Daniel's Weeks Prophecy Week 69 Day 6-175,,,,,
273rd,Tue,3792 Tishri / 27,342 Hyperberetaios / 26,Elul / 26,Akhet Phaophi 16,784 October / 2,31 Oct \ 2
,,|-----Daniel's Weeks Prophecy Week 69 Day 6-176,,,,,
274th,Wed,3792 Tishri / 28,342 Hyperberetaios / 27,Elul / 27,Akhet Phaophi 17,784 October / 3,31 Oct \ 3
,,|-----Daniel's Weeks Prophecy Week 69 Day 6-177,,,,,
275th,Thu,3792 Tishri / 29,342 Hyperberetaios / 28,Elul / 28,Akhet Phaophi 18,784 October / 4,31 Oct \ 4
,,|-----Daniel's Weeks Prophecy Week 69 Day 6-178,,,,,
276th,Fri     New,3792 Tishri / 30,342 Hyperberetaios / 29,Elul / 29,Akhet Phaophi 19,784 October / 5,31 Oct \ 5
,,|-----Daniel's Weeks Prophecy Week 69 Day 6-179,,,,,
277th,Sat,3792 Heshvan / 1,342 Hyperberetaios / 30,Elul / 30,Akhet Phaophi 20,784 October / 6,31 Oct \ 6
,,|-----Daniel's Weeks Prophecy Week 69 Day 6-180,,,,,
278th,Sun,3792 Heshvan / 2,343 Dios / 1,Tishri / 1,Akhet Phaophi 21,784 October / 7,31 Oct \ 7
,,|-----Daniel's Weeks Prophecy Week 69 Day 6-181,|-----Artabanus II (III) king of the Parthian Empire 21 years,,,,
,,|-----Pontius Pilate of Judea 5 years,|-----Abgar V Ukkama (Abgar the Black) king of Osroene with Edessa as its capitol 35 years,,,,
279th,Mon,3792 Heshvan / 3,343 Dios / 2,Tishri / 2,Akhet Phaophi 22,784 October / 8,31 Oct \ 8
,,|-----Daniel's Weeks Prophecy Week 69 Day 6-182,,,,,
280th,Tue,3792 Heshvan / 4,343 Dios / 3,Tishri / 3,Akhet Phaophi 23,784 October / 9,31 Oct \ 9
,,|-----Daniel's Weeks Prophecy Week 69 Day 6-183,,,,,
281st,Wed,3792 Heshvan / 5,343 Dios / 4,Tishri / 4,Akhet Phaophi 24,784 October / 10,31 Oct \ 10
,,|-----Daniel's Weeks Prophecy Week 69 Day 6-184,,,,,
282nd,Thu,3792 Heshvan / 6,343 Dios / 5,Tishri / 5,Akhet Phaophi 25,784 October / 11,31 Oct \ 11
,,|-----Daniel's Weeks Prophecy Week 69 Day 6-185,,,,,
283rd,Fri,3792 Heshvan / 7,343 Dios / 6,Tishri / 6,Akhet Phaophi 26,784 October / 12,31 Oct \ 12
,,|-----Daniel's Weeks Prophecy Week 69 Day 6-186,,,,,
284th,Sat,3792 Heshvan / 8,343 Dios / 7,Tishri / 7,Akhet Phaophi 27,784 October / 13,31 Oct \ 13
,,|-----Daniel's Weeks Prophecy Week 69 Day 6-187,,,,,
285th,Sun,3792 Heshvan / 9,343 Dios / 8,Tishri / 8,Akhet Phaophi 28,784 October / 14,31 Oct \ 14
,,|-----Daniel's Weeks Prophecy Week 69 Day 6-188,,,,,
286th,Mon,3792 Heshvan / 10,343 Dios / 9,Tishri / 9,Akhet Phaophi 29,784 October / 15,31 Oct \ 15
,,|-----Daniel's Weeks Prophecy Week 69 Day 6-189,,,,,
287th,Tue,3792 Heshvan / 11,343 Dios / 10,Tishri / 10,Akhet Phaophi 30,784 October / 16,31 Oct \ 16
,,|-----Daniel's Weeks Prophecy Week 69 Day 6-190,,,,,
288th,Wed,3792 Heshvan / 12,343 Dios / 11,Tishri / 11,Akhet Hathor 1,784 October / 17,31 Oct \ 17
,,|-----Daniel's Weeks Prophecy Week 69 Day 6-191,,,,,
289th,Thu,3792 Heshvan / 13,343 Dios / 12,Tishri / 12,Akhet Hathor 2,784 October / 18,31 Oct \ 18
,,|-----Daniel's Weeks Prophecy Week 69 Day 6-192,,,,,
290th,Fri     Full,3792 Heshvan / 14,343 Dios / 13,Tishri / 13,Akhet Hathor 3,784 October / 19,31 Oct \ 19
,,|-----Daniel's Weeks Prophecy Week 69 Day 6-193,,,,,
291st,Sat,3792 Heshvan / 15,343 Dios / 14,Tishri / 14,Akhet Hathor 4,784 October / 20,31 Oct \ 20
,,|-----Daniel's Weeks Prophecy Week 69 Day 6-194,,,,,
292nd,Sun,3792 Heshvan / 16,343 Dios / 15,Tishri / 15,Akhet Hathor 5,784 October / 21,31 Oct \ 21
,,|-----Daniel's Weeks Prophecy Week 69 Day 6-195,,,,,
293rd,Mon,3792 Heshvan / 17,343 Dios / 16,Tishri / 16,Akhet Hathor 6,784 October / 22,31 Oct \ 22
,,|-----Daniel's Weeks Prophecy Week 69 Day 6-196,,,,,
294th,Tue,3792 Heshvan / 18,343 Dios / 17,Tishri / 17,Akhet Hathor 7,784 October / 23,31 Oct \ 23
,,|-----Daniel's Weeks Prophecy Week 69 Day 6-197,,,,,
295th,Wed,3792 Heshvan / 19,343 Dios / 18,Tishri / 18,Akhet Hathor 8,784 October / 24,31 Oct \ 24
,,|-----Daniel's Weeks Prophecy Week 69 Day 6-198,,,,,
296th,Thu,3792 Heshvan / 20,343 Dios / 19,Tishri / 19,Akhet Hathor 9,784 October / 25,31 Oct \ 25
,,|-----Daniel's Weeks Prophecy Week 69 Day 6-199,,,,,
297th,Fri,3792 Heshvan / 21,343 Dios / 20,Tishri / 20,Akhet Hathor 10,784 October / 26,31 Oct \ 26
,,|-----Daniel's Weeks Prophecy Week 69 Day 6-200,,,,,
298th,Sat,3792 Heshvan / 22,343 Dios / 21,Tishri / 21,Akhet Hathor 11,784 October / 27,31 Oct \ 27
,,|-----Daniel's Weeks Prophecy Week 69 Day 6-201,,,,,
299th,Sun,3792 Heshvan / 23,343 Dios / 22,Tishri / 22,Akhet Hathor 12,784 October / 28,31 Oct \ 28
,,|-----Daniel's Weeks Prophecy Week 69 Day 6-202,,,,,
300th,Mon,3792 Heshvan / 24,343 Dios / 23,Tishri / 23,Akhet Hathor 13,784 October / 29,31 Oct \ 29
,,|-----Daniel's Weeks Prophecy Week 69 Day 6-203,,,,,
301st,Tue,3792 Heshvan / 25,343 Dios / 24,Tishri / 24,Akhet Hathor 14,784 October / 30,31 Oct \ 30
,,|-----Daniel's Weeks Prophecy Week 69 Day 6-204,,,,,
302nd,Wed,3792 Heshvan / 26,343 Dios / 25,Tishri / 25,Akhet Hathor 15,784 October / 31,31 Oct \ 31
,,|-----Daniel's Weeks Prophecy Week 69 Day 6-205,,,,,
303rd,Thu,3792 Heshvan / 27,343 Dios / 26,Tishri / 26,Akhet Hathor 16,784 November / 1,31 Nov \ 1
,,|-----Daniel's Weeks Prophecy Week 69 Day 6-206,,,,,
304th,Fri,3792 Heshvan / 28,343 Dios / 27,Tishri / 27,Akhet Hathor 17,784 November / 2,31 Nov \ 2
,,|-----Daniel's Weeks Prophecy Week 69 Day 6-207,,,,,
305th,Sat     New,3792 Heshvan / 29,343 Dios / 28,Tishri / 28,Akhet Hathor 18,784 November / 3,31 Nov \ 3
,,|-----Daniel's Weeks Prophecy Week 69 Day 6-208,,,,,
306th,Sun,3792 Kislev / 1,343 Dios / 29,Tishri / 29,Akhet Hathor 19,784 November / 4,31 Nov \ 4
,,|-----Daniel's Weeks Prophecy Week 69 Day 6-209,,,,,
307th,Mon,3792 Kislev / 2,343 Dios / 30,Tishri / 30,Akhet Hathor 20,784 November / 5,31 Nov \ 5
,,|-----Daniel's Weeks Prophecy Week 69 Day 6-210,,,,,
308th,Tue,3792 Kislev / 3,343 Apellaios / 1,Mercheshvan / 1,Akhet Hathor 21,784 November / 6,31 Nov \ 6
,,|-----Daniel's Weeks Prophecy Week 69 Day 6-211,,,,,
309th,Wed,3792 Kislev / 4,343 Apellaios / 2,Mercheshvan / 2,Akhet Hathor 22,784 November / 7,31 Nov \ 7
,,|-----Daniel's Weeks Prophecy Week 69 Day 6-212,,,,,
310th,Thu,3792 Kislev / 5,343 Apellaios / 3,Mercheshvan / 3,Akhet Hathor 23,784 November / 8,31 Nov \ 8
,,|-----Daniel's Weeks Prophecy Week 69 Day 6-213,,,,,
311th,Fri,3792 Kislev / 6,343 Apellaios / 4,Mercheshvan / 4,Akhet Hathor 24,784 November / 9,31 Nov \ 9
,,|-----Daniel's Weeks Prophecy Week 69 Day 6-214,,,,,
312th,Sat,3792 Kislev / 7,343 Apellaios / 5,Mercheshvan / 5,Akhet Hathor 25,784 November / 10,31 Nov \ 10
,,|-----Daniel's Weeks Prophecy Week 69 Day 6-215,,,,,
313th,Sun,3792 Kislev / 8,343 Apellaios / 6,Mercheshvan / 6,Akhet Hathor 26,784 November / 11,31 Nov \ 11
,,|-----Daniel's Weeks Prophecy Week 69 Day 6-216,,,,,
314th,Mon,3792 Kislev / 9,343 Apellaios / 7,Mercheshvan / 7,Akhet Hathor 27,784 November / 12,31 Nov \ 12
,,|-----Daniel's Weeks Prophecy Week 69 Day 6-217,,,,,
315th,Tue,3792 Kislev / 10,343 Apellaios / 8,Mercheshvan / 8,Akhet Hathor 28,784 November / 13,31 Nov \ 13
,,|-----Daniel's Weeks Prophecy Week 69 Day 6-218,,,,,
316th,Wed,3792 Kislev / 11,343 Apellaios / 9,Mercheshvan / 9,Akhet Hathor 29,784 November / 14,31 Nov \ 14
,,|-----Daniel's Weeks Prophecy Week 69 Day 6-219,,,,,
317th,Thu,3792 Kislev / 12,343 Apellaios / 10,Mercheshvan / 10,Akhet Hathor 30,784 November / 15,31 Nov \ 15
,,|-----Daniel's Weeks Prophecy Week 69 Day 6-220,,,,,
318th,Fri,3792 Kislev / 13,343 Apellaios / 11,Mercheshvan / 11,Akhet Khoiak 1,784 November / 16,31 Nov \ 16
,,|-----Daniel's Weeks Prophecy Week 69 Day 6-221,,,,,
319th,Sat     Full,3792 Kislev / 14,343 Apellaios / 12,Mercheshvan / 12,Akhet Khoiak 2,784 November / 17,31 Nov \ 17
,,|-----Daniel's Weeks Prophecy Week 69 Day 6-222,,,,,
320th,Sun,3792 Kislev / 15,343 Apellaios / 13,Mercheshvan / 13,Akhet Khoiak 3,784 November / 18,31 Nov \ 18
,,|-----Daniel's Weeks Prophecy Week 69 Day 6-223,,,,,
321st,Mon,3792 Kislev / 16,343 Apellaios / 14,Mercheshvan / 14,Akhet Khoiak 4,784 November / 19,31 Nov \ 19
,,|-----Daniel's Weeks Prophecy Week 69 Day 6-224,,,,,
322nd,Tue,3792 Kislev / 17,343 Apellaios / 15,Mercheshvan / 15,Akhet Khoiak 5,784 November / 20,31 Nov \ 20
,,|-----Daniel's Weeks Prophecy Week 69 Day 6-225,,,,,
323rd,Wed,3792 Kislev / 18,343 Apellaios / 16,Mercheshvan / 16,Akhet Khoiak 6,784 November / 21,31 Nov \ 21
,,|-----Daniel's Weeks Prophecy Week 69 Day 6-226,,,,,
324th,Thu,3792 Kislev / 19,343 Apellaios / 17,Mercheshvan / 17,Akhet Khoiak 7,784 November / 22,31 Nov \ 22
,,|-----Daniel's Weeks Prophecy Week 69 Day 6-227,,,,,
325th,Fri,3792 Kislev / 20,343 Apellaios / 18,Mercheshvan / 18,Akhet Khoiak 8,784 November / 23,31 Nov \ 23
,,|-----Daniel's Weeks Prophecy Week 69 Day 6-228,,,,,
326th,Sat,3792 Kislev / 21,343 Apellaios / 19,Mercheshvan / 19,Akhet Khoiak 9,784 November / 24,31 Nov \ 24
,,|-----Daniel's Weeks Prophecy Week 69 Day 6-229,,,,,
327th,Sun,3792 Kislev / 22,343 Apellaios / 20,Mercheshvan / 20,Akhet Khoiak 10,784 November / 25,31 Nov \ 25
,,|-----Daniel's Weeks Prophecy Week 69 Day 6-230,,,,,
328th,Mon,3792 Kislev / 23,343 Apellaios / 21,Mercheshvan / 21,Akhet Khoiak 11,784 November / 26,31 Nov \ 26
,,|-----Daniel's Weeks Prophecy Week 69 Day 6-231,,,,,
329th,Tue,3792 Kislev / 24,343 Apellaios / 22,Mercheshvan / 22,Akhet Khoiak 12,784 November / 27,31 Nov \ 27
,,|-----Daniel's Weeks Prophecy Week 69 Day 6-232,,,,,
330th,Wed,3792 Kislev / 25,343 Apellaios / 23,Mercheshvan / 23,Akhet Khoiak 13,784 November / 28,31 Nov \ 28
,,|-----Daniel's Weeks Prophecy Week 69 Day 6-233,,,,,
331st,Thu,3792 Kislev / 26,343 Apellaios / 24,Mercheshvan / 24,Akhet Khoiak 14,784 November / 29,31 Nov \ 29
,,|-----Daniel's Weeks Prophecy Week 69 Day 6-234,,,,,
332nd,Fri,3792 Kislev / 27,343 Apellaios / 25,Mercheshvan / 25,Akhet Khoiak 15,784 November / 30,31 Nov \ 30
,,|-----Daniel's Weeks Prophecy Week 69 Day 6-235,,,,,
333rd,Sat,3792 Kislev / 28,343 Apellaios / 26,Mercheshvan / 26,Akhet Khoiak 16,784 December / 1,31 Dec \ 1
,,|-----Daniel's Weeks Prophecy Week 69 Day 6-236,,,,,
334th,Sun,3792 Kislev / 29,343 Apellaios / 27,Mercheshvan / 27,Akhet Khoiak 17,784 December / 2,31 Dec \ 2
,,|-----Daniel's Weeks Prophecy Week 69 Day 6-237,,,,,
335th,Mon     New,3792 Kislev / 30,343 Apellaios / 28,Mercheshvan / 28,Akhet Khoiak 18,784 December / 3,31 Dec \ 3
,,|-----Daniel's Weeks Prophecy Week 69 Day 6-238,,,,,
336th,Tue,3792 Teveth / 1,343 Apellaios / 29,Mercheshvan / 29,Akhet Khoiak 19,784 December / 4,31 Dec \ 4
,,|-----Daniel's Weeks Prophecy Week 69 Day 6-239,,,,,
337th,Wed,3792 Teveth / 2,343 Audynaios / 1,Kislev / 1,Akhet Khoiak 20,784 December / 5,31 Dec \ 5
,,|-----Daniel's Weeks Prophecy Week 69 Day 6-240,,,,,
338th,Thu,3792 Teveth / 3,343 Audynaios / 2,Kislev / 2,Akhet Khoiak 21,784 December / 6,31 Dec \ 6
,,|-----Daniel's Weeks Prophecy Week 69 Day 6-241,,,,,
339th,Fri,3792 Teveth / 4,343 Audynaios / 3,Kislev / 3,Akhet Khoiak 22,784 December / 7,31 Dec \ 7
,,|-----Daniel's Weeks Prophecy Week 69 Day 6-242,,,,,
340th,Sat,3792 Teveth / 5,343 Audynaios / 4,Kislev / 4,Akhet Khoiak 23,784 December / 8,31 Dec \ 8
,,|-----Daniel's Weeks Prophecy Week 69 Day 6-243,,,,,
341st,Sun,3792 Teveth / 6,343 Audynaios / 5,Kislev / 5,Akhet Khoiak 24,784 December / 9,31 Dec \ 9
,,|-----Daniel's Weeks Prophecy Week 69 Day 6-244,,,,,
342nd,Mon,3792 Teveth / 7,343 Audynaios / 6,Kislev / 6,Akhet Khoiak 25,784 December / 10,31 Dec \ 10
,,|-----Daniel's Weeks Prophecy Week 69 Day 6-245,,,,,
343rd,Tue,3792 Teveth / 8,343 Audynaios / 7,Kislev / 7,Akhet Khoiak 26,784 December / 11,31 Dec \ 11
,,|-----Daniel's Weeks Prophecy Week 69 Day 6-246,,,,,
344th,Wed,3792 Teveth / 9,343 Audynaios / 8,Kislev / 8,Akhet Khoiak 27,784 December / 12,31 Dec \ 12
,,|-----Daniel's Weeks Prophecy Week 69 Day 6-247,,,,,
345th,Thu,3792 Teveth / 10,343 Audynaios / 9,Kislev / 9,Akhet Khoiak 28,784 December / 13,31 Dec \ 13
,,|-----Daniel's Weeks Prophecy Week 69 Day 6-248,,,,,
346th,Fri,3792 Teveth / 11,343 Audynaios / 10,Kislev / 10,Akhet Khoiak 29,784 December / 14,31 Dec \ 14
,,|-----Daniel's Weeks Prophecy Week 69 Day 6-249,,,,,
347th,Sat,3792 Teveth / 12,343 Audynaios / 11,Kislev / 11,Akhet Khoiak 30,784 December / 15,31 Dec \ 15
,,|-----Daniel's Weeks Prophecy Week 69 Day 6-250,,,,,
348th,Sun,3792 Teveth / 13,343 Audynaios / 12,Kislev / 12,Peret Tybi 1,784 December / 16,31 Dec \ 16
,,|-----Daniel's Weeks Prophecy Week 69 Day 6-251,,,,,
349th,Mon     Full,3792 Teveth / 14,343 Audynaios / 13,Kislev / 13,Peret Tybi 2,784 December / 17,31 Dec \ 17
,,|-----Daniel's Weeks Prophecy Week 69 Day 6-252,,,,,
350th,Tue,3792 Teveth / 15,343 Audynaios / 14,Kislev / 14,Peret Tybi 3,784 December / 18,31 Dec \ 18
,,|-----Daniel's Weeks Prophecy Week 69 Day 6-253,,,,,
351st,Wed,3792 Teveth / 16,343 Audynaios / 15,Kislev / 15,Peret Tybi 4,784 December / 19,31 Dec \ 19
,,|-----Daniel's Weeks Prophecy Week 69 Day 6-254,,,,,
352nd,Thu,3792 Teveth / 17,343 Audynaios / 16,Kislev / 16,Peret Tybi 5,784 December / 20,31 Dec \ 20
,,|-----Daniel's Weeks Prophecy Week 69 Day 6-255,,,,,
353rd,Fri,3792 Teveth / 18,343 Audynaios / 17,Kislev / 17,Peret Tybi 6,784 December / 21,31 Dec \ 21
,,|-----Daniel's Weeks Prophecy Week 69 Day 6-256,,,,,
354th,Sat,3792 Teveth / 19,343 Audynaios / 18,Kislev / 18,Peret Tybi 7,784 December / 22,31 Dec \ 22
,,|-----Daniel's Weeks Prophecy Week 69 Day 6-257,,,,,
355th,Sun,3792 Teveth / 20,343 Audynaios / 19,Kislev / 19,Peret Tybi 8,784 December / 23,31 Dec \ 23
,,|-----Daniel's Weeks Prophecy Week 69 Day 6-258,,,,,
356th So,Mon,3792 Teveth / 21,343 Audynaios / 20,Kislev / 20,Peret Tybi 9,784 December / 24,31 Dec \ 24
,,|-----Daniel's Weeks Prophecy Week 69 Day 6-259,,,,,
357th,Tue,3792 Teveth / 22,343 Audynaios / 21,Kislev / 21,Peret Tybi 10,784 December / 25,31 Dec \ 25
,,|-----Daniel's Weeks Prophecy Week 69 Day 6-260,,,,,
358th,Wed,3792 Teveth / 23,343 Audynaios / 22,Kislev / 22,Peret Tybi 11,784 December / 26,31 Dec \ 26
,,|-----Daniel's Weeks Prophecy Week 69 Day 6-261,,,,,
359th,Thu,3792 Teveth / 24,343 Audynaios / 23,Kislev / 23,Peret Tybi 12,784 December / 27,31 Dec \ 27
,,|-----Daniel's Weeks Prophecy Week 69 Day 6-262,,,,,
360th,Fri,3792 Teveth / 25,343 Audynaios / 24,Kislev / 24,Peret Tybi 13,784 December / 28,31 Dec \ 28
,,|-----Daniel's Weeks Prophecy Week 69 Day 6-263,,,,,
361st,Sat,3792 Teveth / 26,343 Audynaios / 25,Kislev / 25,Peret Tybi 14,784 December / 29,31 Dec \ 29
,,|-----Daniel's Weeks Prophecy Week 69 Day 6-264,,,,,
362nd,Sun,3792 Teveth / 27,343 Audynaios / 26,Kislev / 26,Peret Tybi 15,784 December / 30,31 Dec \ 30
,,|-----Daniel's Weeks Prophecy Week 69 Day 6-265,,,,,
363rd,Mon,3792 Teveth / 28,343 Audynaios / 27,Kislev / 27,Peret Tybi 16,784 December / 31,31 Dec \ 31
,,|-----Daniel's Weeks Prophecy Week 69 Day 6-266,,,,,
364th,Tue     New,3792 Teveth / 29,343 Audynaios / 28,Kislev / 28,Peret Tybi 17,785 L Ianuarius / 1,32 L Jan \ 1
,,|-----Daniel's Weeks Prophecy Week 69 Day 6-267,,,,|-----Tiberius emperor of Rome 18 years,
365th,Wed,3792 Teveth / 30,343 Audynaios / 29,Kislev / 29,Peret Tybi 18,785 L Ianuarius / 2,32 L Jan \ 2
,,|-----Daniel's Weeks Prophecy Week 69 Day 6-268,,,,,
